vehicle_id,trip_id,route_id,latitude,longitude,bearing,speed,timestamp,stop_id,stop_sequence,current_date,day
8,block_98_trip_7_service_1,,50.096221923828125,19.930416107177734,90.0,0.0,2025-10-06 10:03:32,stop_1018_252702,1,2025-10-06,1
9,block_167_trip_7_service_1,,50.03668212890625,19.940139770507812,180.0,0.0,2025-10-06 10:03:23,stop_432_61003,16,2025-10-06,1
12,block_99_trip_6_service_1,,50.08055114746094,19.91840362548828,315.0,0.0,2025-10-06 10:03:28,stop_1535_306901,20,2025-10-06,1
14,block_101_trip_4_service_1,,50.05089569091797,19.931041717529297,315.0,0.0,2025-10-06 10:03:29,stop_240_32602,13,2025-10-06,1
15,block_102_trip_6_service_1,,50.016910552978516,19.992048263549805,315.0,0.0,2025-10-06 10:03:33,stop_450_63404,3,2025-10-06,1
17,block_103_trip_5_service_1,,50.00627136230469,20.011146545410156,90.0,0.0,2025-10-06 10:03:23,stop_1368_304402,1,2025-10-06,1
18,block_104_trip_6_service_1,,50.02629470825195,19.97371482849121,90.0,0.0,2025-10-06 10:03:26,stop_443_62503,23,2025-10-06,1
19,block_138_trip_4_service_1,,50.07681655883789,19.88916778564453,0.0,0.0,2025-10-06 10:03:30,stop_105_13702,17,2025-10-06,1
21,block_476_trip_4_service_1,,50.1046028137207,19.963714599609375,0.0,0.0,2025-10-06 10:03:24,stop_3077_378504,20,2025-10-06,1
22,block_478_trip_6_service_1,,50.059913635253906,19.924999237060547,0.0,0.0,2025-10-06 10:03:26,stop_1654_314105,11,2025-10-06,1
24,block_479_trip_6_service_1,,50.02597427368164,19.97659683227539,315.0,0.0,2025-10-06 10:03:32,stop_432_61006,7,2025-10-06,1
28,block_480_trip_4_service_1,,50.0126953125,20.015625,180.0,0.0,2025-10-06 10:03:31,stop_1063_258102,22,2025-10-06,1
29,block_482_trip_6_service_1,,50.026885986328125,19.969478607177734,90.0,0.0,2025-10-06 10:03:31,stop_447_63009,16,2025-10-06,1
30,block_483_trip_5_service_1,,50.05854797363281,19.92534637451172,135.0,0.0,2025-10-06 10:03:29,stop_1654_314104,13,2025-10-06,1
31,block_484_trip_6_service_1,,50.10512924194336,19.963680267333984,0.0,0.0,2025-10-06 10:03:29,stop_3077_378504,20,2025-10-06,1
32,block_162_trip_4_service_1,,50.067317962646484,19.9195499420166,270.0,0.0,2025-10-06 10:03:23,stop_58_8202,20,2025-10-06,1
35,block_165_trip_4_service_1,,50.0152702331543,20.02312469482422,90.0,0.0,2025-10-06 10:03:29,stop_1748_317502,28,2025-10-06,1
37,block_166_trip_6_service_1,,50.020782470703125,19.984479904174805,135.0,0.0,2025-10-06 10:03:30,stop_450_63403,23,2025-10-06,1
38,block_168_trip_5_service_1,,50.06654357910156,19.920555114746094,90.0,0.0,2025-10-06 10:03:31,stop_57_8102,9,2025-10-06,1
39,block_169_trip_7_service_1,,50.08674621582031,19.9088191986084,180.0,0.0,2025-10-06 10:03:31,stop_36_5401,1,2025-10-06,1
40,block_170_trip_7_service_1,,50.08702087402344,19.908958435058594,180.0,0.0,2025-10-06 10:03:26,stop_36_5401,1,2025-10-06,1
41,block_183_trip_7_service_1,,50.06806945800781,19.945207595825195,0.0,0.0,2025-10-06 10:03:28,stop_1089_260807,1,2025-10-06,1
43,block_188_trip_4_service_1,,50.03542709350586,19.942951202392578,315.0,0.0,2025-10-06 10:03:24,stop_432_61006,13,2025-10-06,1
44,block_189_trip_6_service_1,,50.02073669433594,19.96006965637207,90.0,0.0,2025-10-06 10:03:27,stop_446_62903,7,2025-10-06,1
45,block_142_trip_5_service_1,,50.021419525146484,19.961076736450195,180.0,0.0,2025-10-06 10:03:33,stop_446_62902,26,2025-10-06,1
47,block_190_trip_6_service_1,,50.00449752807617,19.960174560546875,90.0,0.0,2025-10-06 10:03:27,stop_498_71002,23,2025-10-06,1
48,block_481_trip_6_service_1,,50.00627136230469,20.0179500579834,90.0,0.0,2025-10-06 10:03:29,stop_792_112201,21,2025-10-06,1
49,block_192_trip_7_service_1,,50.004608154296875,19.959409713745117,90.0,0.0,2025-10-06 10:03:24,stop_498_71002,23,2025-10-06,1
50,block_193_trip_7_service_1,,50.01634216308594,19.950485229492188,180.0,0.0,2025-10-06 10:03:27,stop_1749_317602,19,2025-10-06,1
52,block_194_trip_5_service_1,,50.028594970703125,19.955486297607422,90.0,0.0,2025-10-06 10:03:32,stop_439_62001,14,2025-10-06,1
53,block_196_trip_7_service_1,,50.054901123046875,19.92770767211914,135.0,0.0,2025-10-06 10:03:32,stop_240_32601,8,2025-10-06,1
54,block_197_trip_5_service_1,,50.07198715209961,19.929061889648438,270.0,0.0,2025-10-06 10:03:30,stop_2616_363802,4,2025-10-06,1
56,block_139_trip_5_service_1,,50.04996109008789,19.932117462158203,315.0,0.0,2025-10-06 10:03:28,stop_240_32602,9,2025-10-06,1
57,block_140_trip_6_service_1,,50.0157470703125,19.969860076904297,270.0,0.0,2025-10-06 10:03:25,stop_502_71604,1,2025-10-06,1
59,block_143_trip_7_service_1,,50.047977447509766,19.931909561157227,180.0,0.0,2025-10-06 10:03:29,stop_2108_333803,22,2025-10-06,1
60,block_144_trip_7_service_1,,50.08209991455078,19.88361167907715,90.0,0.0,2025-10-06 10:03:27,stop_2309_345904,10,2025-10-06,1
61,block_145_trip_6_service_1,,50.087955474853516,19.840381622314453,315.0,0.0,2025-10-06 10:03:27,stop_2512_356001,29,2025-10-06,1
62,block_159_trip_5_service_1,,50.041282653808594,19.935867309570312,135.0,0.0,2025-10-06 10:03:23,stop_432_61003,25,2025-10-06,1
64,block_150_trip_6_service_1,,50.07073211669922,19.92913246154785,45.0,0.0,2025-10-06 10:03:28,stop_2616_363801,17,2025-10-06,1
65,block_151_trip_6_service_1,,50.02116775512695,19.961042404174805,180.0,0.0,2025-10-06 10:03:23,stop_446_62901,1,2025-10-06,1
67,block_152_trip_5_service_1,,50.02169418334961,19.96326446533203,225.0,0.0,2025-10-06 10:03:25,stop_446_62903,33,2025-10-06,1
68,block_233_trip_4_service_1,,50.00126266479492,19.899791717529297,180.0,0.0,2025-10-06 10:03:32,stop_3160_384002,29,2025-10-06,1
69,block_184_trip_5_service_1,,50.06957244873047,19.927082061767578,45.0,0.0,2025-10-06 10:03:26,stop_2616_363801,21,2025-10-06,1
70,block_254_trip_5_service_1,,50.06761169433594,19.925764083862305,45.0,0.0,2025-10-06 10:03:31,stop_55_7903,17,2025-10-06,1
71,block_154_trip_4_service_1,,50.07381057739258,19.935104370117188,270.0,0.0,2025-10-06 10:03:29,stop_2616_363802,17,2025-10-06,1
72,block_155_trip_4_service_1,,50.09073257446289,19.944271087646484,0.0,0.0,2025-10-06 10:03:24,stop_28_3703,30,2025-10-06,1
75,block_156_trip_2_service_1,,50.03579330444336,19.94246482849121,315.0,0.0,2025-10-06 10:03:23,stop_432_61006,14,2025-10-06,1
77,block_158_trip_5_service_1,,50.102054595947266,19.963611602783203,180.0,0.0,2025-10-06 10:03:30,stop_1196_279603,2,2025-10-06,1
78,block_185_trip_6_service_1,,50.05535888671875,19.92760467529297,0.0,0.0,2025-10-06 10:03:29,stop_237_31903,17,2025-10-06,1
80,block_164_trip_6_service_1,,50.02925491333008,19.95631980895996,270.0,0.0,2025-10-06 10:03:27,stop_892_125502,11,2025-10-06,1
81,block_105_trip_6_service_1,,50.04328536987305,19.934444427490234,180.0,0.0,2025-10-06 10:03:27,stop_1200_280801,18,2025-10-06,1
114,block_405_trip_7_service_1,,50.120914459228516,19.97281265258789,270.0,0.0,2025-10-06 10:03:26,stop_127_16501,11,2025-10-06,1
116,block_348_trip_8_service_1,,50.121368408203125,20.050798416137695,0.0,0.0,2025-10-06 10:03:26,stop_2303_345301,10,2025-10-06,1
118,block_120_trip_11_service_1,,50.0152702331543,20.039339065551758,315.0,0.0,2025-10-06 10:03:31,stop_587_83702,5,2025-10-06,1
124,block_394_trip_11_service_1,,50.02568054199219,19.95781135559082,0.0,0.0,2025-10-06 10:03:29,stop_2604_363101,4,2025-10-06,1
126,block_181_trip_12_service_1,,49.988460540771484,19.872222900390625,90.0,0.0,2025-10-06 10:03:28,stop_548_77202,1,2025-10-06,1
129,block_24_trip_15_service_1,,50.004722595214844,19.905311584472656,0.0,0.0,2025-10-06 10:03:28,stop_536_75302,7,2025-10-06,1
131,block_404_trip_10_service_1,,49.97520446777344,19.827777862548828,270.0,0.0,2025-10-06 10:03:32,stop_550_78101,3,2025-10-06,1
133,block_113_trip_9_service_1,,50.05378723144531,20.045278549194336,180.0,0.0,2025-10-06 10:03:30,stop_397_55401,1,2025-10-06,1
134,block_29_trip_9_service_1,,50.104286193847656,20.058889389038086,270.0,0.0,2025-10-06 10:03:27,stop_1096_262101,19,2025-10-06,1
136,block_28_trip_10_service_1,,50.09519577026367,20.044618606567383,315.0,0.0,2025-10-06 10:03:28,stop_1633_311801,10,2025-10-06,1
137,block_27_trip_9_service_1,,50.07529067993164,20.033958435058594,45.0,0.0,2025-10-06 10:03:25,stop_300_41501,21,2025-10-06,1
138,block_26_trip_8_service_1,,50.08660888671875,20.043264389038086,90.0,0.0,2025-10-06 10:03:33,stop_1030_254304,5,2025-10-06,1
142,block_97_trip_18_service_1,,50.074832916259766,19.936180114746094,180.0,0.0,2025-10-06 10:03:32,stop_50_7186,1,2025-10-06,1
144,block_96_trip_16_service_1,,50.08269119262695,19.91201400756836,270.0,0.0,2025-10-06 10:03:31,stop_101_13202,6,2025-10-06,1
145,block_51_trip_13_service_1,,50.04547119140625,19.98295021057129,270.0,0.0,2025-10-06 10:03:30,stop_399_55905,7,2025-10-06,1
201,block_116_trip_10_service_1,,50.001468658447266,19.904375076293945,270.0,0.0,2025-10-06 10:03:30,stop_645_93502,11,2025-10-06,1
208,block_324_trip_9_service_1,,50.11692810058594,19.784236907958984,90.0,0.0,2025-10-06 10:03:24,stop_155_20302,11,2025-10-06,1
209,block_449_trip_8_service_1,,50.08843231201172,19.891632080078125,180.0,0.0,2025-10-06 10:03:26,stop_7_1203,11,2025-10-06,1
210,block_329_trip_9_service_1,,50.02239990234375,19.74826431274414,0.0,0.0,2025-10-06 10:02:42,stop_1239_288702,7,2025-10-06,1
220,block_280_trip_10_service_1,,50.011512756347656,19.926631927490234,45.0,0.0,2025-10-06 10:03:32,stop_530_74704,1,2025-10-06,1
222,block_392_trip_12_service_1,,49.990238189697266,19.846736907958984,225.0,0.0,2025-10-06 10:03:29,stop_985_247601,8,2025-10-06,1
225,block_343_trip_7_service_1,,50.03538131713867,19.759340286254883,45.0,0.0,2025-10-06 10:03:31,stop_3293_388102,19,2025-10-06,1
226,block_381_trip_7_service_1,,49.993927001953125,20.042325973510742,45.0,0.0,2025-10-06 10:03:28,stop_1153_272204,14,2025-10-06,1
227,block_374_trip_8_service_1,,50.053489685058594,19.916561126708984,225.0,0.0,2025-10-06 10:03:31,stop_230_31105,1,2025-10-06,1
228,block_353_trip_10_service_1,,50.0113525390625,19.92656135559082,45.0,0.0,2025-10-06 10:03:30,stop_530_74704,1,2025-10-06,1
231,block_267_trip_6_service_1,,50.01481246948242,19.970937728881836,90.0,0.0,2025-10-06 10:03:31,stop_502_71603,18,2025-10-06,1
232,block_312_trip_7_service_1,,50.01021194458008,19.710174560546875,45.0,0.0,2025-10-06 10:03:21,stop_1238_288602,18,2025-10-06,1
233,block_391_trip_10_service_1,,50.01809310913086,19.889236450195312,315.0,0.0,2025-10-06 10:03:29,stop_1362_303804,1,2025-10-06,1
235,block_114_trip_16_service_1,,50.00654602050781,19.924896240234375,180.0,0.0,2025-10-06 10:03:31,stop_540_75801,2,2025-10-06,1
236,block_334_trip_9_service_1,,50.00602340698242,20.018299102783203,315.0,0.0,2025-10-06 10:03:26,stop_1642_312702,11,2025-10-06,1
240,block_311_trip_4_service_1,,50.01492691040039,19.586700439453125,180.0,0.0,2025-10-06 10:03:25,stop_2012_327901,40,2025-10-06,1
241,block_269_trip_6_service_1,,50.018184661865234,19.889339447021484,0.0,0.0,2025-10-06 10:03:31,stop_1362_303804,1,2025-10-06,1
244,block_282_trip_8_service_1,,49.97392654418945,19.997499465942383,90.0,0.0,2025-10-06 10:03:25,stop_1662_314501,18,2025-10-06,1
245,block_290_trip_10_service_1,,49.9870719909668,19.778541564941406,90.0,0.0,2025-10-06 10:03:28,stop_1256_290401,1,2025-10-06,1
251,block_336_trip_8_service_1,,49.94689178466797,19.869062423706055,180.0,0.0,2025-10-06 10:03:27,stop_616_88501,16,2025-10-06,1
252,block_125_trip_7_service_1,,50.02586364746094,19.95631980895996,270.0,0.0,2025-10-06 10:03:32,stop_504_71804,12,2025-10-06,1
255,block_349_trip_8_service_1,,50.018001556396484,19.8894100189209,315.0,0.0,2025-10-06 10:03:32,stop_1362_303804,1,2025-10-06,1
258,block_454_trip_6_service_1,,50.09911346435547,19.890382766723633,0.0,0.0,2025-10-06 10:03:28,stop_583_83202,9,2025-10-06,1
261,block_338_trip_16_service_1,,50.116539001464844,19.967500686645508,0.0,0.0,2025-10-06 10:03:30,stop_2546_359203,4,2025-10-06,1
262,block_272_trip_8_service_1,,50.088478088378906,19.931215286254883,270.0,0.0,2025-10-06 10:03:30,stop_2961_372404,1,2025-10-06,1
263,block_534_trip_18_service_1,,50.057682037353516,19.931007385253906,45.0,0.0,2025-10-06 10:03:28,stop_239_32272,7,2025-10-06,1
264,block_531_trip_13_service_1,,50.065425872802734,19.951631546020508,180.0,0.0,2025-10-06 10:03:27,stop_96_12603,1,2025-10-06,1
265,block_32_trip_7_service_1,,50.04018783569336,20.00079917907715,225.0,0.0,2025-10-06 10:03:28,stop_2078_331005,1,2025-10-06,1
266,block_471_trip_9_service_1,,50.08367156982422,19.93138885498047,90.0,0.0,2025-10-06 10:03:28,stop_43_6104,13,2025-10-06,1
267,block_315_trip_7_service_1,,50.088111877441406,20.053056716918945,45.0,0.0,2025-10-06 10:03:26,stop_317_43504,6,2025-10-06,1
269,block_339_trip_6_service_1,,50.10660934448242,19.849653244018555,270.0,0.0,2025-10-06 10:03:28,stop_149_19701,8,2025-10-06,1
272,block_465_trip_8_service_1,,50.177608489990234,19.910104751586914,90.0,0.0,2025-10-06 10:03:27,stop_1313_296801,16,2025-10-06,1
273,block_363_trip_8_service_1,,50.15599060058594,20.03183937072754,225.0,0.0,2025-10-06 10:03:25,stop_1332_298702,22,2025-10-06,1
274,block_463_trip_7_service_1,,50.11815643310547,19.920833587646484,180.0,0.0,2025-10-06 10:03:25,stop_2424_349202,13,2025-10-06,1
276,block_450_trip_7_service_1,,50.181705474853516,19.811145782470703,180.0,0.0,2025-10-06 10:02:50,stop_2502_354902,12,2025-10-06,1
281,block_448_trip_7_service_1,,50.05836486816406,19.925451278686523,135.0,0.0,2025-10-06 10:03:26,stop_1654_314104,27,2025-10-06,1
282,block_407_trip_6_service_1,,50.08073425292969,19.865068435668945,270.0,0.0,2025-10-06 10:03:29,stop_1260_290801,4,2025-10-06,1
283,block_308_trip_7_service_1,,50.082122802734375,19.709688186645508,90.0,0.0,2025-10-06 10:03:24,stop_1263_291101,1,2025-10-06,1
286,block_307_trip_9_service_1,,50.081050872802734,19.88076400756836,0.0,0.0,2025-10-06 10:03:32,stop_103_13505,1,2025-10-06,1
287,block_399_trip_11_service_1,,50.08838653564453,19.931493759155273,270.0,0.0,2025-10-06 10:03:30,stop_2961_372404,14,2025-10-06,1
288,block_306_trip_7_service_1,,50.09066390991211,19.93079948425293,180.0,0.0,2025-10-06 10:03:30,stop_2961_372408,15,2025-10-06,1
289,block_288_trip_7_service_1,,50.081642150878906,19.875938415527344,90.0,0.0,2025-10-06 10:03:28,stop_103_13502,30,2025-10-06,1
292,block_285_trip_16_service_1,,50.10501480102539,19.963714599609375,0.0,0.0,2025-10-06 10:03:28,stop_3077_378504,1,2025-10-06,1
293,block_452_trip_7_service_1,,50.15872573852539,19.747465133666992,90.0,0.0,2025-10-06 10:03:29,stop_1141_270001,1,2025-10-06,1
294,block_274_trip_10_service_1,,50.1153564453125,19.869895935058594,225.0,0.0,2025-10-06 10:03:32,stop_965_135301,6,2025-10-06,1
297,block_304_trip_9_service_1,,50.13756561279297,19.925832748413086,0.0,0.0,2025-10-06 10:03:23,stop_2116_334501,12,2025-10-06,1
299,block_535_trip_16_service_1,,50.062965393066406,19.903749465942383,90.0,0.0,2025-10-06 10:03:27,stop_62_8704,1,2025-10-06,1
301,block_11_trip_12_service_1,,50.02533721923828,19.958715438842773,90.0,0.0,2025-10-06 10:03:28,stop_0_0,16,2025-10-06,1
303,block_76_trip_10_service_1,,50.05579376220703,19.853853225708008,180.0,0.0,2025-10-06 10:03:22,stop_113_14601,11,2025-10-06,1
304,block_12_trip_11_service_1,,49.989349365234375,19.99909782409668,315.0,0.0,2025-10-06 10:03:31,stop_1074_259301,5,2025-10-06,1
305,block_77_trip_13_service_1,,50.057979583740234,19.918472290039062,90.0,0.0,2025-10-06 10:03:25,stop_1006_250001,11,2025-10-06,1
306,block_302_trip_6_service_1,,49.977481842041016,19.945417404174805,180.0,0.0,2025-10-06 10:03:30,stop_2200_72302,11,2025-10-06,1
307,block_309_trip_6_service_1,,50.053489685058594,19.9166316986084,225.0,0.0,2025-10-06 10:03:26,stop_3268_387601,1,2025-10-06,1
310,block_532_trip_14_service_1,,50.068729400634766,19.949583053588867,315.0,0.0,2025-10-06 10:03:25,stop_744_106082,1,2025-10-06,1
311,block_456_trip_10_service_1,,50.1114616394043,19.943159103393555,0.0,0.0,2025-10-06 10:03:26,stop_19_2802,12,2025-10-06,1
314,block_457_trip_10_service_1,,50.06852340698242,19.94940948486328,90.0,0.0,2025-10-06 10:03:26,stop_707_101502,1,2025-10-06,1
315,block_458_trip_9_service_1,,50.0686149597168,19.9490966796875,0.0,0.0,2025-10-06 10:03:26,stop_744_106001,12,2025-10-06,1
319,block_275_trip_8_service_1,,50.070186614990234,20.334653854370117,45.0,0.0,2025-10-06 10:03:29,stop_3106_381302,32,2025-10-06,1
320,block_14_trip_8_service_1,,50.072898864746094,20.117673873901367,90.0,0.0,2025-10-06 10:03:31,stop_333_329974,1,2025-10-06,1
322,block_470_trip_8_service_1,,50.09619903564453,19.913402557373047,315.0,0.0,2025-10-06 10:03:31,stop_30_4001,10,2025-10-06,1
325,block_109_trip_9_service_1,,50.06025695800781,20.007604598999023,0.0,0.0,2025-10-06 10:03:24,stop_3239_385501,11,2025-10-06,1
326,block_130_trip_6_service_1,,50.07481002807617,20.139028549194336,90.0,0.0,2025-10-06 10:03:28,stop_2820_369002,4,2025-10-06,1
328,block_223_trip_7_service_1,,50.073421478271484,19.935138702392578,90.0,0.0,2025-10-06 10:03:31,stop_50_7103,18,2025-10-06,1
329,block_131_trip_5_service_1,,50.08690643310547,20.14635467529297,135.0,0.0,2025-10-06 10:03:29,stop_374_52002,23,2025-10-06,1
331,block_461_trip_10_service_1,,50.074832916259766,19.936111450195312,180.0,0.0,2025-10-06 10:03:32,stop_50_7186,1,2025-10-06,1
333,block_318_trip_9_service_1,,49.99752426147461,19.856075286865234,45.0,0.0,2025-10-06 10:03:26,stop_757_108301,18,2025-10-06,1
334,block_332_trip_9_service_1,,50.01148986816406,19.926250457763672,45.0,0.0,2025-10-06 10:03:31,stop_530_74704,20,2025-10-06,1
335,block_367_trip_12_service_1,,50.01146697998047,19.92677116394043,45.0,0.0,2025-10-06 10:03:23,stop_530_74704,1,2025-10-06,1
336,block_132_trip_7_service_1,,50.07526779174805,20.033958435058594,45.0,0.0,2025-10-06 10:03:26,stop_300_41501,1,2025-10-06,1
337,block_402_trip_8_service_1,,49.96932601928711,19.82815933227539,180.0,0.0,2025-10-06 10:03:26,stop_549_77901,17,2025-10-06,1
339,block_133_trip_8_service_1,,50.07280731201172,20.117431640625,90.0,0.0,2025-10-06 10:03:32,stop_2810_368002,1,2025-10-06,1
340,block_160_trip_13_service_1,,50.075199127197266,20.139270782470703,270.0,0.0,2025-10-06 10:03:30,stop_1118_264601,12,2025-10-06,1
341,block_5_trip_6_service_1,,50.07034683227539,19.904062271118164,180.0,0.0,2025-10-06 10:03:24,stop_61_8504,8,2025-10-06,1
346,block_401_trip_10_service_1,,50.011558532714844,19.92645835876465,45.0,0.0,2025-10-06 10:03:26,stop_530_74704,1,2025-10-06,1
412,block_485_trip_4_service_1,,50.0923957824707,20.032812118530273,180.0,0.0,2025-10-06 10:03:25,stop_1163_273702,6,2025-10-06,1
413,block_208_trip_7_service_1,,50.06845474243164,19.949443817138672,270.0,0.0,2025-10-06 10:03:32,stop_744_106001,1,2025-10-06,1
418,block_487_trip_6_service_1,,50.094261169433594,20.02433967590332,315.0,0.0,2025-10-06 10:03:26,stop_1163_273702,6,2025-10-06,1
419,block_199_trip_8_service_1,,50.09048080444336,19.988645553588867,180.0,0.0,2025-10-06 10:03:25,stop_79_10801,16,2025-10-06,1
424,block_90_trip_6_service_1,,50.036293029785156,20.008438110351562,45.0,0.0,2025-10-06 10:03:25,stop_1628_311304,23,2025-10-06,1
425,block_88_trip_6_service_1,,50.06749725341797,19.915693283081055,270.0,0.0,2025-10-06 10:03:30,stop_58_8202,32,2025-10-06,1
428,block_86_trip_6_service_1,,50.092987060546875,20.033714294433594,0.0,0.0,2025-10-06 10:03:26,stop_288_39502,8,2025-10-06,1
430,block_83_trip_7_service_1,,50.08483123779297,19.966007232666016,90.0,0.0,2025-10-06 10:03:31,stop_75_10302,10,2025-10-06,1
431,block_490_trip_5_service_1,,50.06763458251953,19.95319366455078,90.0,0.0,2025-10-06 10:03:29,stop_97_12703,12,2025-10-06,1
432,block_82_trip_7_service_1,,50.09339904785156,20.013715744018555,45.0,0.0,2025-10-06 10:03:30,stop_282_38701,18,2025-10-06,1
433,block_81_trip_7_service_1,,50.08786392211914,20.061458587646484,90.0,0.0,2025-10-06 10:03:28,stop_335_46404,26,2025-10-06,1
490,block_258_trip_8_service_1,,50.133758544921875,19.866979598999023,315.0,0.0,2025-10-06 10:03:32,stop_3051_376201,5,2025-10-06,1
495,block_397_trip_9_service_1,,50.108158111572266,19.838472366333008,180.0,0.0,2025-10-06 10:03:27,stop_149_19703,12,2025-10-06,1
497,block_257_trip_7_service_1,,50.12615203857422,19.870208740234375,180.0,0.0,2025-10-06 10:03:24,stop_583_83201,10,2025-10-06,1
498,block_357_trip_10_service_1,,50.173824310302734,19.945138931274414,270.0,0.0,2025-10-06 10:03:24,stop_2119_334801,15,2025-10-06,1
499,block_384_trip_7_service_1,,50.104217529296875,19.963403701782227,90.0,0.0,2025-10-06 10:03:25,stop_3077_378504,23,2025-10-06,1
501,block_56_trip_7_service_1,,50.08863830566406,19.97392463684082,45.0,0.0,2025-10-06 10:03:31,stop_749_106604,17,2025-10-06,1
502,block_55_trip_8_service_1,,50.10517501831055,19.963403701782227,0.0,0.0,2025-10-06 10:03:31,stop_3077_378504,1,2025-10-06,1
504,block_171_trip_5_service_1,,50.078548431396484,20.065555572509766,180.0,0.0,2025-10-06 10:03:31,stop_334_45909,29,2025-10-06,1
505,block_178_trip_6_service_1,,50.0706672668457,20.041528701782227,270.0,0.0,2025-10-06 10:03:32,stop_1168_274409,7,2025-10-06,1
507,block_209_trip_8_service_1,,50.07891082763672,19.97166633605957,45.0,0.0,2025-10-06 10:03:29,stop_89_11901,5,2025-10-06,1
508,block_202_trip_8_service_1,,50.095947265625,20.05378532409668,225.0,0.0,2025-10-06 10:03:24,stop_1095_261901,2,2025-10-06,1
509,block_206_trip_7_service_1,,50.095584869384766,19.994861602783203,90.0,0.0,2025-10-06 10:03:29,stop_1026_253804,14,2025-10-06,1
513,block_494_trip_7_service_1,,50.0564079284668,19.92677116394043,180.0,0.0,2025-10-06 10:03:24,stop_237_31904,12,2025-10-06,1
516,block_500_trip_6_service_1,,50.00934982299805,20.003541946411133,270.0,0.0,2025-10-06 10:03:26,stop_2174_338301,1,2025-10-06,1
522,block_501_trip_6_service_1,,50.025360107421875,19.95916748046875,90.0,0.0,2025-10-06 10:03:32,stop_450_63403,17,2025-10-06,1
523,block_225_trip_5_service_1,,50.07244110107422,19.91520881652832,180.0,0.0,2025-10-06 10:03:32,stop_60_8405,7,2025-10-06,1
524,block_536_trip_13_service_1,,50.03034973144531,19.928438186645508,90.0,0.0,2025-10-06 10:03:27,stop_434_61204,7,2025-10-06,1
525,block_538_trip_14_service_1,,50.030235290527344,19.936424255371094,90.0,0.0,2025-10-06 10:03:23,stop_640_92207,1,2025-10-06,1
527,block_537_trip_11_service_1,,50.0555419921875,19.929964065551758,90.0,0.0,2025-10-06 10:03:31,stop_237_31901,1,2025-10-06,1
529,block_443_trip_7_service_1,,50.126766204833984,19.968021392822266,180.0,0.0,2025-10-06 10:03:27,stop_2546_359202,9,2025-10-06,1
533,block_497_trip_6_service_1,,50.07923126220703,19.9387149810791,45.0,0.0,2025-10-06 10:03:26,stop_1360_303603,13,2025-10-06,1
534,block_17_trip_8_service_1,,50.04668045043945,19.93260383605957,270.0,0.0,2025-10-06 10:03:23,stop_1201_281203,1,2025-10-06,1
535,block_234_trip_6_service_1,,50.04900360107422,19.932430267333984,45.0,0.0,2025-10-06 10:03:33,stop_2108_333804,16,2025-10-06,1
536,block_62_trip_12_service_1,,50.074493408203125,19.9349308013916,135.0,0.0,2025-10-06 10:03:26,stop_50_7108,8,2025-10-06,1
538,block_63_trip_10_service_1,,50.08809280395508,19.91295051574707,135.0,0.0,2025-10-06 10:03:22,stop_37_5501,1,2025-10-06,1
539,block_226_trip_7_service_1,,50.08660888671875,19.909236907958984,0.0,0.0,2025-10-06 10:03:23,stop_37_5501,1,2025-10-06,1
541,block_87_trip_6_service_1,,50.073421478271484,19.93541717529297,90.0,0.0,2025-10-06 10:03:29,stop_50_7103,6,2025-10-06,1
544,block_57_trip_9_service_1,,50.07023239135742,19.945035934448242,0.0,0.0,2025-10-06 10:03:23,stop_51_7301,1,2025-10-06,1
545,block_91_trip_5_service_1,,50.09041213989258,20.022811889648438,270.0,0.0,2025-10-06 10:03:25,stop_1027_253904,10,2025-10-06,1
548,block_238_trip_4_service_1,,49.99855041503906,19.897014617919922,225.0,0.0,2025-10-06 10:03:23,stop_3160_384002,28,2025-10-06,1
549,block_421_trip_5_service_1,,50.0737190246582,19.935867309570312,0.0,0.0,2025-10-06 10:03:29,stop_50_7105,30,2025-10-06,1
550,block_231_trip_6_service_1,,50.08057403564453,19.918264389038086,315.0,0.0,2025-10-06 10:03:24,stop_1535_306901,24,2025-10-06,1
551,block_445_trip_6_service_1,,50.14995574951172,19.957603454589844,315.0,0.0,2025-10-06 10:03:23,stop_1312_296701,17,2025-10-06,1
552,block_235_trip_6_service_1,,50.03396987915039,19.92479133605957,315.0,0.0,2025-10-06 10:03:25,stop_413_57703,13,2025-10-06,1
553,block_239_trip_7_service_1,,50.027706146240234,19.914548873901367,225.0,0.0,2025-10-06 10:03:32,stop_1133_268901,19,2025-10-06,1
554,block_237_trip_7_service_1,,49.998687744140625,19.89729118347168,45.0,0.0,2025-10-06 10:03:28,stop_3160_384002,1,2025-10-06,1
555,block_240_trip_7_service_1,,50.03232955932617,19.9259033203125,180.0,0.0,2025-10-06 10:03:31,stop_1130_268604,18,2025-10-06,1
556,block_241_trip_6_service_1,,50.06856918334961,19.91343879699707,180.0,0.0,2025-10-06 10:03:27,stop_58_8201,6,2025-10-06,1
557,block_488_trip_5_service_1,,50.09788513183594,20.050207138061523,45.0,0.0,2025-10-06 10:03:23,stop_649_93902,1,2025-10-06,1
560,block_502_trip_7_service_1,,50.0815544128418,20.02458381652832,135.0,0.0,2025-10-06 10:03:27,stop_1169_274505,13,2025-10-06,1
563,block_492_trip_6_service_1,,50.09366989135742,19.892847061157227,135.0,0.0,2025-10-06 10:03:29,stop_7_1203,2,2025-10-06,1
565,block_72_trip_7_service_1,,50.06850051879883,19.94475746154785,90.0,0.0,2025-10-06 10:03:26,stop_1089_260803,1,2025-10-06,1
566,block_85_trip_6_service_1,,50.08943557739258,19.987777709960938,315.0,0.0,2025-10-06 10:03:31,stop_79_10801,16,2025-10-06,1
567,block_94_trip_5_service_1,,50.08430862426758,20.029582977294922,135.0,0.0,2025-10-06 10:03:26,stop_292_40301,26,2025-10-06,1
569,block_489_trip_5_service_1,,50.0863151550293,19.981979370117188,90.0,0.0,2025-10-06 10:03:29,stop_81_11002,16,2025-10-06,1
571,block_491_trip_5_service_1,,50.071144104003906,19.945035934448242,180.0,0.0,2025-10-06 10:03:31,stop_51_7308,11,2025-10-06,1
572,block_211_trip_6_service_1,,50.086769104003906,20.01076316833496,270.0,0.0,2025-10-06 10:03:30,stop_284_39002,5,2025-10-06,1
573,block_214_trip_7_service_1,,50.06670379638672,19.960174560546875,45.0,0.0,2025-10-06 10:03:30,stop_95_12506,4,2025-10-06,1
575,block_212_trip_6_service_1,,50.07303237915039,20.036006927490234,135.0,0.0,2025-10-06 10:03:24,stop_1168_274406,1,2025-10-06,1
576,block_253_trip_5_service_1,,50.08895492553711,19.95808982849121,135.0,0.0,2025-10-06 10:03:26,stop_1628_311302,24,2025-10-06,1
577,block_416_trip_4_service_1,,50.03807067871094,20.216215133666992,315.0,0.0,2025-10-06 10:03:32,stop_908_127601,31,2025-10-06,1
578,block_486_trip_6_service_1,,50.06743240356445,19.956562042236328,270.0,0.0,2025-10-06 10:03:27,stop_97_12704,13,2025-10-06,1
579,block_213_trip_5_service_1,,50.0842170715332,20.0206241607666,135.0,0.0,2025-10-06 10:03:28,stop_286_39203,18,2025-10-06,1
582,block_496_trip_5_service_1,,50.10029983520508,19.924270629882812,45.0,0.0,2025-10-06 10:03:23,stop_3085_379304,1,2025-10-06,1
583,block_236_trip_5_service_1,,50.01198959350586,19.899200439453125,45.0,0.0,2025-10-06 10:03:26,stop_647_93702,6,2025-10-06,1
584,block_441_trip_6_service_1,,50.05802536010742,19.922048568725586,315.0,0.0,2025-10-06 10:03:32,stop_1007_250102,1,2025-10-06,1
585,block_495_trip_7_service_1,,50.084720611572266,19.934860229492188,225.0,0.0,2025-10-06 10:03:27,stop_43_6104,6,2025-10-06,1
586,block_244_trip_8_service_1,,50.00606918334961,20.01190948486328,135.0,0.0,2025-10-06 10:03:25,stop_1068_258602,1,2025-10-06,1
587,block_64_trip_13_service_1,,50.086700439453125,19.909027099609375,180.0,0.0,2025-10-06 10:03:31,stop_36_5401,1,2025-10-06,1
589,block_232_trip_6_service_1,,50.086883544921875,19.916805267333984,0.0,0.0,2025-10-06 10:03:31,stop_38_5601,26,2025-10-06,1
590,block_66_trip_6_service_1,,50.09248733520508,19.987743377685547,180.0,0.0,2025-10-06 10:03:25,stop_79_10801,18,2025-10-06,1
591,block_70_trip_5_service_1,,50.08355712890625,20.030624389648438,135.0,0.0,2025-10-06 10:03:23,stop_292_40301,22,2025-10-06,1
592,block_65_trip_13_service_1,,50.08180236816406,19.916318893432617,270.0,0.0,2025-10-06 10:03:29,stop_1535_306901,7,2025-10-06,1
593,block_71_trip_5_service_1,,50.08988952636719,19.982257843017578,90.0,0.0,2025-10-06 10:03:30,stop_79_10804,11,2025-10-06,1
594,block_499_trip_5_service_1,,50.049415588378906,19.932430267333984,315.0,0.0,2025-10-06 10:03:25,stop_2108_333804,7,2025-10-06,1
597,block_84_trip_8_service_1,,50.08665466308594,19.908958435058594,180.0,0.0,2025-10-06 10:03:32,stop_36_5401,1,2025-10-06,1
598,block_256_trip_4_service_1,,50.08317184448242,19.84947967529297,270.0,0.0,2025-10-06 10:03:24,stop_2513_356401,27,2025-10-06,1
607,block_425_trip_6_service_1,,50.068843841552734,19.926528930664062,0.0,0.0,2025-10-06 10:03:28,stop_55_7903,15,2025-10-06,1
609,block_440_trip_3_service_1,,50.06870651245117,19.942882537841797,180.0,0.0,2025-10-06 10:03:32,stop_1089_260807,18,2025-10-06,1
616,block_427_trip_7_service_1,,50.01927947998047,19.98809051513672,315.0,0.0,2025-10-06 10:03:25,stop_447_63010,8,2025-10-06,1
617,block_435_trip_6_service_1,,50.05479049682617,19.92795181274414,135.0,0.0,2025-10-06 10:03:33,stop_240_32601,7,2025-10-06,1
618,block_430_trip_11_service_1,,49.98554611206055,20.071075439453125,180.0,0.0,2025-10-06 10:03:26,stop_3161_384101,1,2025-10-06,1
619,block_434_trip_6_service_1,,50.026771545410156,19.970382690429688,90.0,0.0,2025-10-06 10:03:27,stop_447_63009,10,2025-10-06,1
621,block_429_trip_7_service_1,,49.991966247558594,20.04479217529297,315.0,0.0,2025-10-06 10:03:26,stop_1906_323502,5,2025-10-06,1
622,block_432_trip_10_service_1,,49.98554611206055,20.05267333984375,135.0,0.0,2025-10-06 10:03:24,stop_826_116701,15,2025-10-06,1
624,block_433_trip_6_service_1,,49.99531555175781,20.037811279296875,90.0,0.0,2025-10-06 10:03:27,stop_1906_323501,13,2025-10-06,1
625,block_410_trip_4_service_1,,50.07210159301758,19.803680419921875,270.0,0.0,2025-10-06 10:03:29,stop_0_0,9,2025-10-06,1
627,block_428_trip_10_service_1,,49.99497604370117,20.038541793823242,315.0,0.0,2025-10-06 10:03:28,stop_1068_258602,6,2025-10-06,1
628,block_431_trip_6_service_1,,49.986412048339844,20.074235916137695,135.0,0.0,2025-10-06 10:03:28,stop_2232_342901,18,2025-10-06,1
629,block_411_trip_2_service_1,,50.059959411621094,19.89437484741211,315.0,0.0,2025-10-06 10:03:31,stop_667_96301,4,2025-10-06,1
630,block_414_trip_3_service_1,,50.046112060546875,19.932985305786133,0.0,0.0,2025-10-06 10:03:29,stop_1201_281201,8,2025-10-06,1
632,block_413_trip_8_service_1,,50.046043395996094,19.932777404785156,180.0,0.0,2025-10-06 10:03:28,stop_1201_281201,1,2025-10-06,1
635,block_436_trip_10_service_1,,50.07182693481445,19.92878532409668,225.0,0.0,2025-10-06 10:03:26,stop_55_7904,3,2025-10-06,1
636,block_426_trip_7_service_1,,50.053993225097656,19.92857551574707,315.0,0.0,2025-10-06 10:03:25,stop_237_31903,12,2025-10-06,1
637,block_412_trip_8_service_1,,50.04677200317383,19.930938720703125,0.0,0.0,2025-10-06 10:03:24,stop_2108_333804,1,2025-10-06,1
638,block_415_trip_7_service_1,,50.066497802734375,19.873159408569336,90.0,0.0,2025-10-06 10:03:32,stop_1654_314104,5,2025-10-06,1
639,block_7_trip_9_service_1,,50.00718307495117,19.90510368347168,225.0,0.0,2025-10-06 10:03:24,stop_534_75101,8,2025-10-06,1
733,block_230_trip_5_service_1,,50.066749572753906,19.921527862548828,270.0,0.0,2025-10-06 10:03:30,stop_58_8204,21,2025-10-06,1
734,block_252_trip_6_service_1,,50.096927642822266,19.97392463684082,270.0,0.0,2025-10-06 10:03:26,stop_815_115501,1,2025-10-06,1
778,block_52_trip_6_service_1,,50.07426452636719,19.985660552978516,180.0,0.0,2025-10-06 10:03:29,stop_696_99571,12,2025-10-06,1
779,block_173_trip_6_service_1,,50.029823303222656,19.95319366455078,270.0,0.0,2025-10-06 10:03:25,stop_892_125502,11,2025-10-06,1
784,block_177_trip_5_service_1,,50.04499435424805,19.971736907958984,225.0,0.0,2025-10-06 10:03:27,stop_406_56705,17,2025-10-06,1
785,block_204_trip_7_service_1,,50.09501647949219,20.040311813354492,45.0,0.0,2025-10-06 10:03:31,stop_1633_311802,21,2025-10-06,1
786,block_54_trip_7_service_1,,50.101688385009766,19.963159561157227,90.0,0.0,2025-10-06 10:03:32,stop_1196_279602,2,2025-10-06,1
787,block_57_trip_6_service_1,,50.04246520996094,19.990764617919922,315.0,0.0,2025-10-06 10:03:26,stop_399_55902,5,2025-10-06,1
789,block_59_trip_6_service_1,,50.03527069091797,20.009653091430664,135.0,0.0,2025-10-06 10:03:22,stop_1058_257602,27,2025-10-06,1
790,block_172_trip_6_service_1,,50.06141662597656,20.00295066833496,0.0,0.0,2025-10-06 10:03:27,stop_3212_384701,18,2025-10-06,1
791,block_175_trip_6_service_1,,50.00447463989258,19.960451126098633,90.0,0.0,2025-10-06 10:03:31,stop_498_71002,1,2025-10-06,1
792,block_179_trip_6_service_1,,50.0784797668457,20.065555572509766,180.0,0.0,2025-10-06 10:03:29,stop_334_45909,29,2025-10-06,1
793,block_176_trip_8_service_1,,50.035953521728516,20.009721755981445,135.0,0.0,2025-10-06 10:03:25,stop_334_45909,1,2025-10-06,1
980,block_39_trip_6_service_1,,50.04936981201172,19.93291664123535,45.0,0.0,2025-10-06 10:00:45,stop_237_31903,3,2025-10-06,1
981,block_41_trip_5_service_1,,50.04547119140625,19.932846069335938,0.0,0.0,2025-10-06 10:03:31,stop_1201_281201,19,2025-10-06,1
982,block_42_trip_8_service_1,,50.066131591796875,19.940000534057617,270.0,0.0,2025-10-06 10:03:28,stop_53_7702,11,2025-10-06,1
983,block_43_trip_7_service_1,,50.077945709228516,19.983379364013672,0.0,0.0,2025-10-06 10:03:23,stop_696_99501,1,2025-10-06,1
986,block_111_trip_10_service_1,,50.03668212890625,20.009479522705078,270.0,0.0,2025-10-06 10:03:24,stop_469_66001,1,2025-10-06,1
989,block_112_trip_9_service_1,,50.04255676269531,19.993160247802734,180.0,0.0,2025-10-06 10:03:26,stop_899_126204,11,2025-10-06,1
990,block_220_trip_7_service_1,,50.06533432006836,19.877639770507812,270.0,0.0,2025-10-06 10:03:31,stop_110_14301,14,2025-10-06,1
991,block_224_trip_8_service_1,,50.062076568603516,19.888437271118164,90.0,0.0,2025-10-06 10:03:23,stop_107_14002,14,2025-10-06,1
993,block_108_trip_10_service_1,,50.0754508972168,20.015138626098633,0.0,0.0,2025-10-06 10:03:32,stop_297_40810,1,2025-10-06,1
994,block_221_trip_8_service_1,,50.071895599365234,19.945068359375,0.0,0.0,2025-10-06 10:03:27,stop_50_7104,2,2025-10-06,1
996,block_222_trip_6_service_1,,50.06850051879883,19.949167251586914,270.0,0.0,2025-10-06 10:03:28,stop_51_7301,1,2025-10-06,1
372,block_148_trip_18_service_1,,50.087650299072266,19.917837142944336,271.0,0.0,2025-10-06 10:03:22,stop_1019_252801,3,2025-10-06,1
350,block_34_trip_6_service_1,,50.08139419555664,20.039587020874023,100.0,0.0,2025-10-06 10:03:22,stop_306_42201,15,2025-10-06,1
373,block_259_trip_7_service_1,,50.144805908203125,20.108020782470703,12.0,0.0,2025-10-06 10:03:27,stop_1345_300201,18,2025-10-06,1
405,block_297_trip_6_service_1,,49.96528625488281,19.635778427124023,278.0,0.0,2025-10-06 10:03:25,stop_780_110802,25,2025-10-06,1
725,block_469_trip_8_service_1,,50.073822021484375,19.944223403930664,114.0,0.0,2025-10-06 10:03:27,stop_1022_253102,9,2025-10-06,1
370,block_289_trip_9_service_1,,50.11948013305664,19.80135154724121,135.0,0.0,2025-10-06 10:03:29,stop_156_20402,2,2025-10-06,1
152,block_262_trip_6_service_1,,49.98884201049805,19.81101417541504,235.0,0.0,2025-10-06 10:03:28,stop_705_101101,21,2025-10-06,1
153,block_263_trip_10_service_1,,50.017032623291016,19.876089096069336,23.0,0.0,2025-10-06 10:03:29,stop_1136_269402,3,2025-10-06,1
383,block_366_trip_7_service_1,,50.040122985839844,20.000904083251953,214.0,0.0,2025-10-06 10:03:10,stop_2078_331005,15,2025-10-06,1
382,block_326_trip_8_service_1,,50.081024169921875,19.89060401916504,350.0,0.0,2025-10-06 10:03:19,stop_2309_345906,2,2025-10-06,1
356,block_22_trip_8_service_1,,50.07481002807617,19.93625831604004,349.0,0.0,2025-10-06 10:03:24,stop_50_7186,1,2025-10-06,1
385,block_371_trip_9_service_1,,50.09801483154297,19.86840057373047,148.0,0.0,2025-10-06 10:03:20,stop_1623_310801,17,2025-10-06,1
361,block_20_trip_9_service_1,,50.108367919921875,19.878267288208008,329.0,0.0,2025-10-06 10:03:26,stop_14_1902,8,2025-10-06,1
369,block_36_trip_5_service_1,,50.08657455444336,20.010326385498047,246.0,0.0,2025-10-06 10:03:26,stop_285_39102,29,2025-10-06,1
354,block_1_trip_6_service_1,,50.088218688964844,19.93157386779785,306.0,0.0,2025-10-06 10:03:07,stop_2961_372404,1,2025-10-06,1
148,block_182_trip_17_service_1,,50.03874969482422,19.867605209350586,35.0,0.0,2025-10-06 10:03:24,stop_2971_373702,7,2025-10-06,1
368,block_30_trip_5_service_1,,50.073638916015625,20.048364639282227,285.0,0.0,2025-10-06 10:03:22,stop_312_42903,15,2025-10-06,1
371,block_78_trip_10_service_1,,50.03036880493164,19.936426162719727,71.0,0.0,2025-10-06 10:03:23,stop_640_92207,1,2025-10-06,1
200,block_321_trip_4_service_1,,49.97468948364258,19.859663009643555,271.0,0.0,2025-10-06 10:03:20,stop_772_110001,16,2025-10-06,1
409,block_35_trip_6_service_1,,50.094642639160156,19.99962615966797,112.0,0.0,2025-10-06 10:03:24,stop_271_37505,1,2025-10-06,1
353,block_455_trip_6_service_1,,50.05305099487305,19.916866302490234,222.0,0.0,2025-10-06 10:03:08,stop_230_31104,1,2025-10-06,1
407,block_395_trip_7_service_1,,49.93465805053711,19.966339111328125,299.0,0.0,2025-10-06 10:03:23,stop_2083_331502,10,2025-10-06,1
149,block_248_trip_9_service_1,,50.105045318603516,20.060693740844727,123.0,0.0,2025-10-06 10:03:25,stop_323_44501,2,2025-10-06,1
359,block_4_trip_8_service_1,,50.06748962402344,19.846593856811523,224.0,0.0,2025-10-06 10:03:20,stop_118_15102,20,2025-10-06,1
767,block_215_trip_5_service_1,,50.074771881103516,19.93643569946289,70.0,0.0,2025-10-06 10:02:31,stop_50_7105,1,2025-10-06,1
351,block_80_trip_8_service_1,,50.014381408691406,20.000255584716797,41.0,0.0,2025-10-06 10:03:22,stop_484_68204,20,2025-10-06,1
408,block_409_trip_9_service_1,,50.046783447265625,19.882614135742188,61.0,0.0,2025-10-06 10:03:12,stop_207_27602,12,2025-10-06,1
377,block_273_trip_9_service_1,,50.081459045410156,19.76793670654297,81.0,0.0,2025-10-06 10:03:22,stop_2179_338802,4,2025-10-06,1
384,block_370_trip_10_service_1,,50.126216888427734,19.80949592590332,289.0,0.0,2025-10-06 10:03:22,stop_736_104801,12,2025-10-06,1
355,block_3_trip_7_service_1,,50.0661506652832,19.859790802001953,103.0,0.0,2025-10-06 10:03:21,stop_116_14902,10,2025-10-06,1
766,block_467_trip_7_service_1,,50.101966857910156,20.012779235839844,315.0,0.0,2025-10-06 10:03:29,stop_3434_391502,18,2025-10-06,1
362,block_287_trip_6_service_1,,50.08502197265625,19.844364166259766,321.0,0.0,2025-10-06 10:03:24,stop_2513_356401,8,2025-10-06,1
380,block_386_trip_6_service_1,,50.13523483276367,19.7744140625,315.0,0.0,2025-10-06 10:03:27,stop_1272_292101,17,2025-10-06,1
386,block_293_trip_8_service_1,,50.03856658935547,20.026798248291016,343.0,0.0,2025-10-06 10:03:24,stop_3155_383404,5,2025-10-06,1
363,block_21_trip_8_service_1,,50.091243743896484,19.88139533996582,199.0,0.0,2025-10-06 10:03:20,stop_8_1301,23,2025-10-06,1
777,block_422_trip_5_service_1,,49.99357223510742,20.041969299316406,310.0,0.0,2025-10-06 10:03:25,stop_1906_323502,19,2025-10-06,1
154,block_356_trip_9_service_1,,49.944095611572266,19.87107276916504,78.0,0.0,2025-10-06 10:03:07,stop_3103_381101,1,2025-10-06,1
150,block_261_trip_7_service_1,,50.01749038696289,19.889202117919922,68.0,0.0,2025-10-06 10:03:27,stop_1362_303804,32,2025-10-06,1
157,block_180_trip_11_service_1,,50.011688232421875,19.92637825012207,145.0,0.0,2025-10-06 10:03:28,stop_530_74704,18,2025-10-06,1
155,block_299_trip_9_service_1,,49.986385345458984,20.0749454498291,1.0,0.0,2025-10-06 10:03:30,stop_2232_342901,1,2025-10-06,1
939,block_75_trip_9_service_1,,50.01047897338867,19.948835372924805,11.100000381469727,0.0,2025-10-06 10:03:35,stop_1749_317606,13,2025-10-06,1
961,block_335_trip_9_service_1,,49.992183685302734,20.045150756835938,299.0,0.0,2025-10-06 10:03:35,stop_1906_323502,4,2025-10-06,1
761,block_210_trip_6_service_1,,50.080848693847656,19.972984313964844,145.89999389648438,0.0,2025-10-06 10:03:34,stop_88_11802,14,2025-10-06,1
974,block_333_trip_10_service_1,,49.999298095703125,20.027677536010742,253.0,0.0,2025-10-06 10:03:23,stop_1153_272203,7,2025-10-06,1
948,block_351_trip_7_service_1,,49.96341323852539,19.817304611206055,198.39999389648438,0.0,2025-10-06 10:03:35,stop_798_112901,2,2025-10-06,1
770,block_9_trip_10_service_1,,50.1021842956543,20.012802124023438,348.6000061035156,0.0,2025-10-06 10:01:25,stop_665_95701,2,2025-10-06,1
909,block_270_trip_9_service_1,,50.14104461669922,19.910907745361328,138.0,0.0,2025-10-06 10:03:11,stop_1322_297702,2,2025-10-06,1
933,block_31_trip_6_service_1,,50.03843307495117,20.041738510131836,94.30000305175781,0.0,2025-10-06 10:03:33,stop_1639_312402,6,2025-10-06,1
962,block_283_trip_8_service_1,,50.007511138916016,19.925304412841797,6.800000190734863,0.0,2025-10-06 10:03:33,stop_532_74902,28,2025-10-06,1
748,block_59_trip_7_service_1,,50.036476135253906,20.007888793945312,303.6000061035156,0.0,2025-09-30 08:16:58,stop_469_66001,2,2025-10-06,1
941,block_123_trip_7_service_1,,50.0313720703125,19.949079513549805,313.1000061035156,0.0,2025-10-06 10:03:34,stop_438_61902,22,2025-10-06,1
942,block_124_trip_8_service_1,,49.99789047241211,19.92575454711914,205.39999389648438,0.0,2025-10-06 10:03:34,stop_520_73702,2,2025-10-06,1
776,block_44_trip_9_service_1,,50.02192306518555,20.051179885864258,304.3999938964844,0.0,2025-10-06 10:03:35,stop_571_81102,2,2025-10-06,1
742,block_249_trip_5_service_1,,50.06972885131836,19.90631866455078,278.0,0.0,2025-10-06 10:03:33,stop_61_8502,15,2025-10-06,1
935,block_33_trip_5_service_1,,50.039241790771484,20.04312515258789,254.6999969482422,0.0,2025-10-06 10:03:34,stop_1639_312401,29,2025-10-06,1
949,block_264_trip_6_service_1,,50.01089096069336,19.88254737854004,21.100000381469727,0.0,2025-10-06 10:03:34,stop_962_134601,30,2025-10-06,1
927,block_352_trip_9_service_1,,50.00142288208008,19.921798706054688,195.10000610351562,0.0,2025-10-06 10:03:32,stop_540_75801,3,2025-10-06,1
772,block_243_trip_9_service_1,,50.022239685058594,20.047277450561523,77.5999984741211,0.0,2025-10-06 10:03:33,stop_571_81103,12,2025-10-06,1
956,block_354_trip_9_service_1,,49.97394943237305,19.96723175048828,87.0,0.0,2025-10-06 10:03:34,stop_1664_314702,2,2025-10-06,1
750,block_418_trip_4_service_1,,49.997432708740234,20.032926559448242,122.0999984741211,0.0,2025-10-06 10:03:35,stop_1906_323501,14,2025-10-06,1
753,block_242_trip_8_service_1,,50.02851867675781,20.039506912231445,10.5,0.0,2025-10-06 10:03:34,stop_1636_312102,16,2025-10-06,1
954,block_372_trip_7_service_1,,50.04926300048828,19.647014617919922,267.79998779296875,0.0,2025-10-06 10:03:33,stop_1237_288502,2,2025-10-06,1
769,block_50_trip_6_service_1,,50.032108306884766,20.051979064941406,1.5,0.0,2006-02-20 09:03:30,stop_459_64601,4,2025-10-06,1
752,block_92_trip_7_service_1,,50.07821273803711,20.0658016204834,200.39999389648438,0.0,2025-10-06 10:01:40,stop_334_45909,1,2025-10-06,1
760,block_10_trip_9_service_1,,50.08668899536133,19.955402374267578,33.79999923706055,0.0,2025-10-06 10:03:33,stop_66_9201,6,2025-10-06,1
975,block_79_trip_9_service_1,,50.00835418701172,20.012454986572266,124.4000015258789,0.0,2025-10-06 10:03:34,stop_1642_312706,7,2025-10-06,1
943,block_134_trip_8_service_1,,50.03802490234375,19.89858055114746,231.1999969482422,0.0,2025-10-06 10:03:33,stop_1044_256002,7,2025-10-06,1
931,block_443_trip_7_service_1,,50.02591323852539,19.956872940063477,0.0,0.0,2025-10-06 06:56:02,stop_245_33202,7,2025-10-06,1
758,block_424_trip_5_service_1,,50.00829315185547,20.141124725341797,245.1999969482422,0.0,2025-10-06 10:00:08,stop_3087_379501,10,2025-10-06,1
970,block_382_trip_8_service_1,,49.99451446533203,19.91843032836914,15.899999618530273,0.0,2025-10-06 10:03:33,stop_542_76002,22,2025-10-06,1
907,block_147_trip_17_service_1,,50.08723449707031,19.922283172607422,115.9000015258789,0.0,2025-10-06 10:03:34,stop_44_6201,8,2025-10-06,1
916,block_331_trip_9_service_1,,50.078853607177734,20.066307067871094,228.6999969482422,0.0,2025-10-06 10:03:34,stop_334_45909,1,2025-10-06,1
950,block_129_trip_6_service_1,,50.03684997558594,20.00786018371582,208.0,0.0,2025-10-06 10:03:15,stop_457_64401,23,2025-10-06,1
963,block_328_trip_8_service_1,,50.046287536621094,19.881206512451172,232.6999969482422,0.0,2025-10-06 10:03:34,stop_1755_318201,7,2025-10-06,1
976,block_265_trip_5_service_1,,50.0136833190918,19.951641082763672,289.1000061035156,0.0,2025-10-06 10:03:34,stop_1749_317602,16,2025-10-06,1
920,block_341_trip_5_service_1,,50.0872917175293,19.890724182128906,108.5,0.0,2025-10-06 10:03:35,stop_7_1203,21,2025-10-06,1
926,block_400_trip_9_service_1,,50.128173828125,19.898134231567383,141.1999969482422,0.0,2025-10-06 10:03:34,stop_2344_347401,2,2025-10-06,1
925,block_378_trip_9_service_1,,50.12078857421875,20.11334228515625,129.3000030517578,0.0,2025-10-06 10:03:34,stop_2908_371902,6,2025-10-06,1
964,block_281_trip_9_service_1,,49.9934196472168,19.94121742248535,268.1000061035156,0.0,2025-10-06 10:03:33,stop_1645_313001,14,2025-10-06,1
908,block_359_trip_7_service_1,,50.081424713134766,19.890535354614258,192.8000030517578,0.0,2025-10-06 10:03:34,stop_2309_345907,28,2025-10-06,1
921,block_360_trip_4_service_1,,50.09388732910156,19.712963104248047,244.0,0.0,2025-10-06 10:03:16,stop_183_23801,26,2025-10-06,1
971,block_8_trip_10_service_1,,50.0009880065918,19.9063720703125,111.0,0.0,2025-10-06 10:03:17,stop_537_75402,12,2025-10-06,1
917,block_339_trip_6_service_1,,50.09281539916992,20.032974243164062,188.10000610351562,0.0,2025-10-06 10:03:34,stop_7_1202,3,2025-10-06,1
